FirstName,LastName,Race,BirthPlace,BirthPlace2,PLAYER_NAME
Aaron,Gordon,black/Mixed,USA,,Aaron Gordon
Aaron,Holiday,black,USA,,Aaron Holiday
Abdel,Nader,white,Egypt,Middle Eastern,Abdel Nader
Adam,Mokoka,black,France,,Adam Mokoka
Admiral,Schofield,black,England,,Admiral Schofield
Al,Horford,black,Dominican Republic,Hispanic,Al Horford
Al-Farouq,Aminu,black,Nigeria,,Al-Farouq Aminu
Alec,Burks,black,USA,,Alec Burks
Alen,Smailagic,white,Serbia,,Alen Smailagic
Alex,Caruso,white,USA,,Alex Caruso
Alex,Len,white,Ukraine,,Alex Len
Alfonzo,McKinnie,black,USA,,Alfonzo McKinnie
Alize,Johnson,black,USA,,Alize Johnson
Allonzo,Trier,black,USA,,Allonzo Trier
Amir,Coffey,black,USA,,Amir Coffey
Andre,Drummond,black,USA,,Andre Drummond
Andre,Iguodala,black,USA,,Andre Iguodala
Andre,Roberson,black,USA,,Andre Roberson
Andrew,Wiggins,black,Canada,,Andrew Wiggins
Anfernee,Simons,black,USA,,Anfernee Simons
Ante,Zizic,white,Croatia,,Ante Zizic
Anthony,Davis,black,USA,,Anthony Davis
Antonius,Cleveland,black,USA,,Antonius Cleveland
Anzejs,Pasecniks,white,Latvia,,Anzejs Pasecniks
Aron,Baynes,white,Australia,,Aron Baynes
Austin,Rivers,black/Mixed,USA,,Austin Rivers
Avery,Bradley,black,USA,,Avery Bradley
Bam,Adebayo,black,USA,,Bam Adebayo
Ben,McLemore,black,USA,,Ben McLemore
Ben,Simmons,black/Mixed,Australia,,Ben Simmons
Bismack,Biyombo,black,Congo,,Bismack Biyombo
BJ,Johnson,black,USA,,BJ Johnson
Blake,Griffin,black/Mixed,USA,,Blake Griffin
Boban,Marjanovic,white,Serbia,,Boban Marjanovic
Bobby,Portis,black,USA,,Bobby Portis
Bogdan,Bogdanovic,white,Serbia,,Bogdan Bogdanovic
Bojan,Bogdanovic,white,Serbia,,Bojan Bogdanovic
Bol,Bol,black,Sudan,,Bol Bol
Brad,Wanamaker,black,USA,,Brad Wanamaker
Bradley,Beal,black,USA,,Bradley Beal
Brandon,Clarke,black,USA,,Brandon Clarke
Brandon,Goodwin,black,USA,,Brandon Goodwin
Brandon,Ingram,black,USA,,Brandon Ingram
Brandon,Knight,black,USA,,Brandon Knight
Brian,Bowen II,black/Mixed,USA,,Brian Bowen II
Brook,Lopez,black/Mixed,USA,Hispanic/Cuban,Brook Lopez
Bruce,Brown,black,USA,,Bruce Brown
Bruno,Caboclo,black,Brazil,Hispanic,Bruno Caboclo
Bruno,Fernando,black,Angola,,Bruno Fernando
Bryn,Forbes,black/Mixed,USA,,Bryn Forbes
Buddy,Hield,black,Bahamas,,Buddy Hield
Caleb,Martin,black/Mixed,USA,,Caleb Martin
Caleb,Swanigan,black,USA,,Caleb Swanigan
Cam,Reddish,black,USA,,Cam Reddish
Cameron,Johnson,black/Mixed,USA,,Cameron Johnson
Cameron,Reynolds,black,USA,,Cameron Reynolds
Caris,LeVert,black,USA,,Caris LeVert
Carmelo,Anthony,black,USA,,Carmelo Anthony
Carsen,Edwards,black,USA,,Carsen Edwards
Cedi,Osman,white,Turkey,,Cedi Osman
Chandler,Hutchison,black,USA,,Chandler Hutchison
Charles,Brown Jr.,black,USA,,Charles Brown Jr.
Chasson,Randle,black,USA,,Chasson Randle
Cheick,Diallo,black,Mali,,Cheick Diallo
Chimezie,Metu,black,Nigeria,,Chimezie Metu
Chris,Boucher,black,St. Lucia,,Chris Boucher
Chris,Chiozza,black/Mixed,USA,,Chris Chiozza
Chris,Clemons,black,USA,,Chris Clemons
Chris,Paul,black,USA,,Chris Paul
Chris,Silva,black,Gabon,,Chris Silva
Christian,Wood,black,USA,,Christian Wood
CJ,McCollum,black,USA,,CJ McCollum
Clint,Capela,black,Switzerland,,Clint Capela
Coby,white,black,USA,,Coby White
Cody,Martin,black/Mixed,USA,,Cody Martin
Cody,Zeller,white,USA,,Cody Zeller
Collin,Sexton,black,USA,,Collin Sexton
Cory,Joseph,black,Canada,,Cory Joseph
Courtney,Lee,black,USA,,Courtney Lee
Cristiano,Felicio,black,Brazil,Hispanic,Cristiano Felicio
D'Angelo,Russell,black,USA,,D'Angelo Russell
D.J.,Augustin,black,USA,,D.J. Augustin
D.J.,Wilson,black/Mixed,USA,,D.J. Wilson
Damian,Jones,black,USA,,Damian Jones
Damian,Lillard,black,USA,,Damian Lillard
Damion,Lee,black,USA,,Damion Lee
Damyean,Dotson,black,USA,,Damyean Dotson
Daniel,Gafford,black,USA,,Daniel Gafford
Daniel,Theis,white,Germany,,Daniel Theis
Danilo,Gallinari,white,Italy,,Danilo Gallinari
Danny,Green,black/Mixed,USA,,Danny Green
Dante,Exum,black/Mixed,Australia,,Dante Exum
Danuel,House Jr.,black,USA,,Danuel House Jr.
DaQuan,Jeffries,black,USA,,DaQuan Jeffries
Dario,Saric,white,Croatia,,Dario Saric
Darius,Bazley,black,USA,,Darius Bazley
Darius,Garland,black,USA,,Darius Garland
Darius,Miller,black,USA,,Darius Miller
Davis,Bertans,white,Latvia,,Davis Bertans
De'Aaron,Fox,black,USA,,De'Aaron Fox
De'Andre,Hunter,black,USA,,De'Andre Hunter
De'Anthony,Melton,black,USA,,De'Anthony Melton
Dean,Wade,white,USA,,Dean Wade
Deandre,Ayton,black,Bahamas,,Deandre Ayton
DeAndre,Jordan,black,USA,,DeAndre Jordan
DeAndre',Bembry,black,USA,,DeAndre' Bembry
Dejounte,Murray,black,USA,,Dejounte Murray
Delon,Wright,black,USA,,Delon Wright
DeMar,DeRozan,black,USA,,DeMar DeRozan
DeMarre,Carroll,black,USA,,DeMarre Carroll
Dennis,Schroder,black,Germany,,Dennis Schroder
Dennis,Smith Jr.,black,USA,,Dennis Smith Jr.
Denzel,Valentine,black/Mixed,USA,,Denzel Valentine
Deonte,Burton,black,USA,,Deonte Burton
Derrick,Favors,black,USA,,Derrick Favors
Derrick,Jones Jr.,black,USA,,Derrick Jones Jr.
Derrick,Rose,black,USA,,Derrick Rose
Derrick,white,black/Mixed,USA,,Derrick White
Devin,Booker,black/Mixed,USA,,Devin Booker
Devontae,Cacok,black,USA,,Devontae Cacok
Devonte',Graham,black,USA,,Devonte' Graham
Dewan,Hernandez,black,USA,Trinidad/honduran,Dewan Hernandez
Dewayne,Dedmon,black,USA,,Dewayne Dedmon
Dillon,Brooks,black/Mixed,USA,,Dillon Brooks
Dion,Waiters,black,USA,,Dion Waiters
Domantas,Sabonis,white,Lithuania,,Domantas Sabonis
Donovan,Mitchell,black,USA,,Donovan Mitchell
Donta,Hall,black,USA,,Donta Hall
Donte,DiVincenzo,white,USA,,Donte DiVincenzo
Dorian,Finney-Smith,black,USA,,Dorian Finney-Smith
Doug,McDermott,white,USA,,Doug McDermott
Dragan,Bender,white,Croatia,,Dragan Bender
Draymond,Green,black,USA,,Draymond Green
Drew,Eubanks,white,USA,,Drew Eubanks
Duncan,Robinson,white,USA,,Duncan Robinson
Dwayne,Bacon,black,USA,,Dwayne Bacon
Dwight,Howard,black,USA,,Dwight Howard
Dwight,Powell,black/Mixed,USA,,Dwight Powell
Dylan,Windler,white,USA,,Dylan Windler
Dzanan,Musa,white,Bosnia,,Dzanan Musa
E'Twaun,Moore,black,USA,,E'Twaun Moore
Ed,Davis,black,USA,,Ed Davis
Edmond,Sumner,black,USA,,Edmond Sumner
Elfrid,Payton,black,USA,,Elfrid Payton
Elie,Okobo,black,France,,Elie Okobo
Emmanuel,Mudiay,black,Congo,,Emmanuel Mudiay
Enes,Kanter,white,Turkey,,Enes Kanter
Eric,Bledsoe,black,USA,,Eric Bledsoe
Eric,Gordon,black,USA,,Eric Gordon
Eric,Paschall,black,USA,,Eric Paschall
Ersan,Ilyasova,white,Turkey,,Ersan Ilyasova
Evan,Fournier,white,France,,Evan Fournier
Evan,Turner,black,USA,,Evan Turner
Frank,Jackson,black/Mixed,USA,,Frank Jackson
Frank,Kaminsky,white,USA,,Frank Kaminsky
Frank,Mason,black,USA,,Frank Mason
Frank,Ntilikina,black,France,,Frank Ntilikina
Fred,VanVleet,black/Mixed,USA,,Fred VanVleet
Furkan,Korkmaz,white,Turkey,,Furkan Korkmaz
Gabe,Vincent,black,Nigeria,,Gabe Vincent
Garrett,Temple,black,USA,,Garrett Temple
Garrison,Mathews,white,USA,,Garrison Mathews
Gary,Clark,black,USA,,Gary Clark
Gary,Harris,black,USA,,Gary Harris
Gary,Payton II,black,USA,,Gary Payton II
Gary,Trent Jr.,black,USA,,Gary Trent Jr.
George,Hill,black,USA,,George Hill
Georges,Niang,black/Mixed,Senegal,,Georges Niang
Giannis,Antetokounmpo,black,Greece,,Giannis Antetokounmpo
Glenn,Robinson III,black,USA,,Glenn Robinson III
Goga,Bitadze,white,Georgia,,Goga Bitadze
Goran,Dragic,white,Slovenia,,Goran Dragic
Gordon,Hayward,white,USA,,Gordon Hayward
Gorgui,Dieng,black,Senegal,,Gorgui Dieng
Grant,Williams,black,USA,,Grant Williams
Grayson,Allen,white,USA,,Grayson Allen
Hamidou,Diallo,black,USA,,Hamidou Diallo
Harrison,Barnes,black,USA,,Harrison Barnes
Harry,Giles III,black,USA,,Harry Giles III
Hassan,whiteside,black,USA,,Hassan Whiteside
Ian,Mahinmi,black,France,,Ian Mahinmi
Ignas,Brazdeikis,white,Lithuania,Canadian,Ignas Brazdeikis
Isaac,Bonga,black,Germany,,Isaac Bonga
Isaiah,Hartenstein,Mixed,USA,,Isaiah Hartenstein
Isaiah,Roby,black/Mixed,USA,,Isaiah Roby
Ish,Smith,black,USA,,Ish Smith
Ivica,Zubac,white,Croatia,,Ivica Zubac
J.J.,Barea,white/Puerto Rican,Puerto Rico,Hispanic,J.J. Barea
Ja,Morant,black,USA,,Ja Morant
Jabari,Parker,black,USA,,Jabari Parker
Jacob,Evans,black,USA,,Jacob Evans
Jae,Crowder,black,USA,,Jae Crowder
Jahlil,Okafor,black,USA,,Jahlil Okafor
JaKarr,Sampson,black,USA,,JaKarr Sampson
Jake,Layman,white,USA,,Jake Layman
Jakob,Poeltl,white,Austria,,Jakob Poeltl
Jalen,Brunson,black,USA,,Jalen Brunson
Jalen,Lecque,black,USA,,Jalen Lecque
Jalen,McDaniels,black,USA,,Jalen McDaniels
Jamal,Murray,black/Mixed,Canada,,Jamal Murray
James,Ennis III,black,USA,,James Ennis III
James,Harden,black,USA,,James Harden
James,Johnson,black,USA,,James Johnson
JaMychal,Green,black,USA,,JaMychal Green
Jared,Dudley,black/Mixed,USA,,Jared Dudley
Jared,Harper,black,USA,,Jared Harper
Jaren,Jackson Jr.,black,USA,,Jaren Jackson Jr.
Jarred,Vanderbilt,black,USA,,Jarred Vanderbilt
Jarrell,Brantley,black,USA,,Jarrell Brantley
Jarrett,Allen,black,USA,,Jarrett Allen
Jarrett,Culver,black,USA,,Jarrett Culver
JaVale,McGee,black,USA,,JaVale McGee
Javonte,Green,black,USA,,Javonte Green
Jaxson,Hayes,black/Mixed,USA,,Jaxson Hayes
Jaylen,Brown,black,USA,,Jaylen Brown
Jaylen,Hoard,black,France,,Jaylen Hoard
Jaylen,Nowell,black,USA,,Jaylen Nowell
Jayson,Tatum,black,USA,,Jayson Tatum
Jeff,Green,black,USA,,Jeff Green
Jeff,Teague,black,USA,,Jeff Teague
Jerami,Grant,black,USA,,Jerami Grant
Jeremiah,Martin,black,USA,,Jeremiah Martin
Jeremy,Lamb,black,USA,,Jeremy Lamb
Jerome,Robinson,black,USA,,Jerome Robinson
Jevon,Carter,black,USA,,Jevon Carter
Jimmy,Butler,black,USA,,Jimmy Butler
JJ,Redick,white,USA,,JJ Redick
Joakim,Noah,black/Mixed,USA,Swedish/French,Joakim Noah
Joe,Chealey,black,USA,,Joe Chealey
Joe,Harris,white,USA,,Joe Harris
Joe,Ingles,white,Australia,,Joe Ingles
Joel,Embiid,black,Cameroon,,Joel Embiid
John,Collins,black,USA,,John Collins
John,Henson,black,USA,,John Henson
John,Konchar,white,USA,,John Konchar
John,Wall,black,USA,,John Wall
Johnathan,Motley,black,USA,,Johnathan Motley
Johnathan,Williams,black,USA,,Johnathan Williams
Jonas,Valanciunas,white,Lithuania,,Jonas Valanciunas
Jonathan,Isaac,black,USA,,Jonathan Isaac
Jontay,Porter,black/Mixed,USA,,Jontay Porter
Jordan,Bone,black,USA,,Jordan Bone
Jordan,Clarkson,black/Mixed,Philippines,,Jordan Clarkson
Jordan,McLaughlin,black,USA,,Jordan McLaughlin
Jordan,McRae,black,USA,,Jordan McRae
Jordan,Poole,black/Mixed,USA,,Jordan Poole
Josh,Gray,black,USA,,Josh Gray
Josh,Hart,black,USA,,Josh Hart
Josh,Jackson,black,USA,,Josh Jackson
Josh,Okogie,black,Nigeria,,Josh Okogie
Josh,Reaves,black,USA,,Josh Reaves
Josh,Richardson,black,USA,,Josh Richardson
Jrue,Holiday,black,USA,,Jrue Holiday
Juan,Toscano-Anderson,black/Mixed,USA,Hispanic/Mexican,Juan Toscano-Anderson
Juancho,Hernangomez,white,Spain,Hispanic,Juancho Hernangomez
Julius,Randle,black,USA,,Julius Randle
Justin,Holiday,black,USA,,Justin Holiday
Justin,Jackson,black/Mixed,USA,,Justin Jackson
Justin,James,black/Mixed,USA,,Justin James
Justin,Wright-Foreman,black,USA,,Justin Wright-Foreman
Justise,Winslow,black,USA,,Justise Winslow
Jusuf,Nurkic,white,Bosnia,,Jusuf Nurkic
Juwan,Morgan,black,USA,,Juwan Morgan
Kadeem,Allen,black,USA,,Kadeem Allen
Karl-Anthony,Towns,black/Mixed,Dominican Republic,Hispanic,Karl-Anthony Towns
Kawhi,Leonard,black,USA,,Kawhi Leonard
Keita,Bates-Diop,black,USA,,Keita Bates-Diop
Kelan,Martin,black,USA,,Kelan Martin
Keldon,Johnson,black,USA,,Keldon Johnson
Kelly,Olynyk,white,Canada,,Kelly Olynyk
Kelly,Oubre Jr.,black,USA,,Kelly Oubre Jr.
Kemba,Walker,black,USA,,Kemba Walker
Kendrick,Nunn,black,USA,,Kendrick Nunn
Kenny,Wooten,black,USA,,Kenny Wooten
Kenrich,Williams,black,USA,,Kenrich Williams
Kent,Bazemore,black,USA,,Kent Bazemore
Kentavious,Caldwell-Pope,black,USA,,Kentavious Caldwell-Pope
Kevin,Durant,black,USA,,Kevin Durant
Kevin,Hervey,black,USA,,Kevin Hervey
Kevin,Huerter,white,USA,,Kevin Huerter
Kevin,Knox II,black,USA,,Kevin Knox II
Kevin,Love,white,USA,,Kevin Love
Kevin,Porter Jr.,black,USA,,Kevin Porter Jr.
Kevon,Looney,black,USA,,Kevon Looney
Khem,Birch,black,Canada,,Khem Birch
Khris,Middleton,black,USA,,Khris Middleton
Khyri,Thomas,black,USA,,Khyri Thomas
Klay,Thompson,black/Mixed,USA,,Klay Thompson
Kobi,Simmons,black,USA,,Kobi Simmons
Kostas,Antetokounmpo,black,Greece,,Kostas Antetokounmpo
Kris,Dunn,black,USA,,Kris Dunn
Kristaps,Porzingis,white,Latvia,,Kristaps Porzingis
Ky,Bowman,black,USA,,Ky Bowman
Kyle,Alexander,black,Canada,,Kyle Alexander
Kyle,Anderson,black/Mixed,USA,,Kyle Anderson
Kyle,Guy,white,USA,,Kyle Guy
Kyle,Korver,white,USA,,Kyle Korver
Kyle,Kuzma,black/Mixed,USA,,Kyle Kuzma
Kyle,Lowry,black,USA,,Kyle Lowry
Kyle,O'Quinn,black,USA,,Kyle O'Quinn
Kyrie,Irving,black,USA,,Kyrie Irving
KZ,Okpala,black,USA,,KZ Okpala
LaMarcus,Aldridge,black,USA,,LaMarcus Aldridge
Landry,Shamet,black/Mixed,USA,,Landry Shamet
Langston,Galloway,black,USA,,Langston Galloway
Larry,Nance Jr.,black/Mixed,USA,,Larry Nance Jr.
Lauri,Markkanen,white,Finland,,Lauri Markkanen
LeBron,James,black,USA,,LeBron James
Lonnie,Walker IV,black,USA,,Lonnie Walker IV
Lonzo,Ball,black/Mixed,USA,,Lonzo Ball
Lou,Williams,black,USA,,Lou Williams
Louis,King,black,USA,,Louis King
Luguentz,Dort,black,Canada,,Luguentz Dort
Luka,Doncic,white,Slovenia,,Luka Doncic
Luka,Samanic,white,Croatia,,Luka Samanic
Luke,Kennard,white,USA,,Luke Kennard
Luke,Kornet,white,USA,,Luke Kornet
Malcolm,Brogdon,black/Mixed,USA,,Malcolm Brogdon
Malcolm,Miller,black,USA,,Malcolm Miller
Malik,Beasley,black,USA,,Malik Beasley
Malik,Monk,black,USA,,Malik Monk
Marc,Gasol,white,Spain,Hispanic,Marc Gasol
Marco,Belinelli,white,Italy,,Marco Belinelli
Marcus,Morris Sr.,black,USA,,Marcus Morris Sr.
Marcus,Smart,black,USA,,Marcus Smart
Marial,Shayok,black,Canada,,Marial Shayok
Mario,Hezonja,white,Serbia,,Mario Hezonja
Markelle,Fultz,black,USA,,Markelle Fultz
Markieff,Morris,black,USA,,Markieff Morris
Marko,Guduric,white,Serbia,,Marko Guduric
Marquese,Chriss,black,USA,,Marquese Chriss
Marvin,Bagley III,black,USA,,Marvin Bagley III
Marvin,Williams,black,USA,,Marvin Williams
Mason,Plumlee,white,USA,,Mason Plumlee
Matisse,Thybulle,black/Mixed,France,,Matisse Thybulle
Matt,Mooney,white,USA,,Matt Mooney
Matt,Thomas,white,USA,,Matt Thomas
Matthew,Dellavedova,white,Australia,,Matthew Dellavedova
Maurice,Harkless,black,USA,,Maurice Harkless
Max,Strus,white,USA,,Max Strus
Maxi,Kleber,white,Germany,,Maxi Kleber
Melvin,Frazier Jr.,black,USA,,Melvin Frazier Jr.
Meyers,Leonard,white,USA,,Meyers Leonard
Mfiondu,Kabengele,black,Canada,,Mfiondu Kabengele
Michael,Carter-Williams,black/Mixed,USA,,Michael Carter-Williams
Michael,Frazier,black,USA,,Michael Frazier
Michael,Kidd-Gilchrist,black,USA,,Michael Kidd-Gilchrist
Michael,Porter Jr.,black/Mixed,USA,,Michael Porter Jr.
Mikal,Bridges,black,USA,,Mikal Bridges
Mike,Conley,black,USA,,Mike Conley
Mike,Muscala,white,USA,,Mike Muscala
Mike,Scott,black,USA,,Mike Scott
Miles,Bridges,black,USA,,Miles Bridges
Mitchell,Robinson,black,USA,,Mitchell Robinson
Miye,Oni,black,USA,,Miye Oni
Mo,Bamba,black,USA,,Mo Bamba
Monte,Morris,black,USA,,Monte Morris
Montrezl,Harrell,black,USA,,Montrezl Harrell
Moritz,Wagner,white,Germany,,Moritz Wagner
Moses,Brown,black,USA,,Moses Brown
Mychal,Mulder,Adopted,Canada,,Mychal Mulder
Myles,Turner,black,USA,,Myles Turner
Nassir,Little,black,USA,,Nassir Little
Naz,Mitrou-Long,black/Mixed,Canada,,Naz Mitrou-Long
Naz,Reid,black,USA,,Naz Reid
Nemanja,Bjelica,white,Serbia,,Nemanja Bjelica
Nerlens,Noel,black,USA,,Nerlens Noel
Nickeil,Alexander-Walker,black/Mixed,Canada,,Nickeil Alexander-Walker
Nicolas,Batum,black,France,,Nicolas Batum
Nicolas,Claxton,black,USA,,Nicolas Claxton
Nicolo,Melli,white,Italy,,Nicolo Melli
Nigel,Williams-Goss,black/Mixed,USA,,Nigel Williams-Goss
Nikola,Jokic,white,Serbia,,Nikola Jokic
Nikola,Vucevic,white,Montenegro,,Nikola Vucevic
Noah,Vonleh,black,USA,,Noah Vonleh
Norman,Powell,black,USA,,Norman Powell
Norvel,Pelle,black,Saint John's — Antigua and Barbuda,,Norvel Pelle
OG,Anunoby,black,England,,OG Anunoby
Omari,Spellman,black,USA,,Omari Spellman
Oshae,Brissett,black,Canada,,Oshae Brissett
Otto,Porter Jr.,black,USA,,Otto Porter Jr.
P.J.,Tucker,black,USA,,P.J. Tucker
P.J.,Washington,black,USA,,P.J. Washington
Pascal,Siakam,black,Cameroon,,Pascal Siakam
Pat,Connaughton,white,USA,,Pat Connaughton
Patrick,Beverley,black,USA,,Patrick Beverley
Patrick,McCaw,black,USA,,Patrick McCaw
Patrick,Patterson,black,USA,,Patrick Patterson
Patty,Mills,black/Mixed,Australia,Aboriginal,Patty Mills
Paul,George,black,USA,,Paul George
Paul,Millsap,black,USA,,Paul Millsap
Paul,Watson,black,USA,,Paul Watson
PJ,Dozier,black,USA,,PJ Dozier
Quinn,Cook,black,USA,,Quinn Cook
Quinndary,Weatherspoon,black,USA,,Quinndary Weatherspoon
Rajon,Rondo,black,USA,,Rajon Rondo
Raul,Neto,white,Spain,Hispanic,Raul Neto
Ray,Spalding,black,USA,,Ray Spalding
Rayjon,Tucker,black,USA,,Rayjon Tucker
Reggie,Bullock,black,USA,,Reggie Bullock
Reggie,Jackson,black,USA,,Reggie Jackson
Richaun,Holmes,black,USA,,Richaun Holmes
Ricky,Rubio,white,Spain,Hispanic,Ricky Rubio
RJ,Barrett,black,USA,,RJ Barrett
Robert,Covington,black,USA,,Robert Covington
Robert,Williams III,black,USA,,Robert Williams III
Robin,Lopez,black/Mixed,USA,Hispanic/Cuban,Robin Lopez
Rodions,Kurucs,white,Latvia,,Rodions Kurucs
Rodney,Hood,black,USA,,Rodney Hood
Rodney,McGruder,black,USA,,Rodney McGruder
Romeo,Langford,black,USA,,Romeo Langford
Rondae,Hollis-Jefferson,black,USA,,Rondae Hollis-Jefferson
Royce,O'Neale,black,USA,,Royce O'Neale
Rudy,Gay,black,USA,,Rudy Gay
Rudy,Gobert,black,France,,Rudy Gobert
Rui,Hachimura,black/Asian,Japan,,Rui Hachimura
Russell,Westbrook,black,USA,,Russell Westbrook
Ryan,Arcidiacono,white,USA,,Ryan Arcidiacono
Sekou,Doumbouya,black,France,,Sekou Doumbouya
Semi,Ojeleye,black,Nigeria,,Semi Ojeleye
Serge,Ibaka,black,Spain,Hispanic,Serge Ibaka
Seth,Curry,black,USA,,Seth Curry
Shabazz,Napier,black,USA,,Shabazz Napier
Shai,Gilgeous-Alexander,black/Mixed,USA,,Shai Gilgeous-Alexander
Shake,Milton,black,USA,,Shake Milton
Shaquille,Harrison,black,USA,,Shaquille Harrison
Sheldon,Mac,black,USA,,Sheldon Mac
Sir'Dominic,Pointer,black,USA,,Sir'Dominic Pointer
Skal,Labissiere,black,Haiti,,Skal Labissiere
Solomon,Hill,black,USA,,Solomon Hill
Spencer,Dinwiddie,black,USA,,Spencer Dinwiddie
Stanley,Johnson,black,USA,,Stanley Johnson
Stephen,Curry,black,USA,,Stephen Curry
Sterling,Brown,black,USA,,Sterling Brown
Steven,Adams,Mixed/Polynesian,New Zealand,,Steven Adams
Svi,Mykhailiuk,white,Ukraine,,Svi Mykhailiuk
T.J.,McConnell,white,USA,,T.J. McConnell
T.J.,Warren,black,USA,,T.J. Warren
Tacko,Fall,black,Senegal,,Tacko Fall
Taj,Gibson,black,USA,,Taj Gibson
Talen,Horton-Tucker,black,USA,,Talen Horton-Tucker
Tariq,Owens,black,USA,,Tariq Owens
Taurean,Prince,black,USA,,Taurean Prince
Terance,Mann,black,USA,,Terance Mann
Terence,Davis,black,USA,,Terence Davis
Terrance,Ferguson,black,USA,,Terrance Ferguson
Terrence,Ross,black,USA,,Terrence Ross
Terry,Rozier,black,USA,,Terry Rozier
Thabo,Sefolosha,black,Switzerland,,Thabo Sefolosha
Thaddeus,Young,black,USA,,Thaddeus Young
Thanasis,Antetokounmpo,black,Greece,,Thanasis Antetokounmpo
Theo,Pinson,black,USA,,Theo Pinson
Thomas,Bryant,black,USA,,Thomas Bryant
Thon,Maker,black,Sudan,,Thon Maker
Tim,Hardaway Jr.,black,USA,,Tim Hardaway Jr.
Timothe,Luwawu-Cabarrot,black/Mixed,France,,Timothe Luwawu-Cabarrot
TJ,Leaf,white,USA,,TJ Leaf
Tobias,Harris,black,USA,,Tobias Harris
Tomas,Satoransky,white,Czech Republic,,Tomas Satoransky
Tony,Bradley,black,USA,,Tony Bradley
Tony,Snell,black,USA,,Tony Snell
Torrey,Craig,black,USA,,Torrey Craig
Trae,Young,black/Mixed,USA,,Trae Young
Tremont,Waters,black/Mixed,USA,Puerto Rican,Tremont Waters
Treveon,Graham,black,USA,,Treveon Graham
Trevor,Ariza,black,USA,Hispanic/Venezuelan,Trevor Ariza
Trey,Lyles,black/Mixed,USA,,Trey Lyles
Tristan,Thompson,black,USA,,Tristan Thompson
Troy,Brown Jr.,black,USA,,Troy Brown Jr.
Troy,Daniels,black,USA,,Troy Daniels
Ty,Jerome,Mixed,USA,,Ty Jerome
Tyler,Herro,white,USA,,Tyler Herro
Tyson,Chandler,black,USA,,Tyson Chandler
Tyus,Jones,black/Mixed,USA,,Tyus Jones
Udonis,Haslem,black,USA,,Udonis Haslem
Vic,Law,black,USA,,Vic Law
Victor,Oladipo,black,USA,,Victor Oladipo
Vince,Carter,black,USA,,Vince Carter
Vincent,Poirier,white,France,,Vincent Poirier
Vlatko,Cancar,white,Slovenia,,Vlatko Cancar
Wayne,Ellington,black,USA,,Wayne Ellington
Wendell,Carter Jr.,black,USA,,Wendell Carter Jr.
Wenyen,Gabriel,black,Sudan,,Wenyen Gabriel
Wes,Iwundu,black,USA,,Wes Iwundu
Wesley,Matthews,black,USA,,Wesley Matthews
Will,Barton,black,USA,,Will Barton
William,Howard,black,France,,William Howard
Willie,Cauley-Stein,black,USA,,Willie Cauley-Stein
Willy,Hernangomez,white,Spain,Hispanic,Willy Hernangomez
Wilson,Chandler,black,USA,,Wilson Chandler
Yogi,Ferrell,black,USA,,Yogi Ferrell
Yuta,Watanabe,Asian/Mixed,Japan,,Yuta Watanabe
Zach,Collins,white,USA,,Zach Collins
Zach,LaVine,black/Mixed,USA,,Zach LaVine
Zhaire,Smith,black,USA,,Zhaire Smith
Zion,Williamson,black,USA,,Zion Williamson
Zylan,Cheatham,black,USA,,Zylan Cheatham
,,black,,,Aaron Brooks
,,black,,,Aaron Harrison
,,black,,,Aaron Henry
,,black,,,Aaron Jackson
,,black,,,Aaron Nesmith
,,black,,,Aaron Wiggins
,,black,,,Ade Murkey
,,black,,,Adreian Payne
,,black,,,Ahmad Caver
,,black,,,AJ Hammons
,,black,,,Al Jefferson
,,black,,,Alan Anderson
,,black,,,Alan Williams
,,white,,,Alec Peters
,,black,,,Aleem Ford
,,white,,,Alekesej Pokusevski
,,white,,,Alex Abrines
,,black,,,Alex Poythress
,,black,,,Alexis Ajinca
,,black,,,Allen Crabbe
,,black,,,Alonzo Gee
,,white,,,Alperen Sengun
,,black,,,Amida Brimah
,,black,,,Amile Jefferson
,,black,,,Amir Johnson
,,Mixed/Black,,,Anderson Varejao
,,black,,,Andre Ingram
,,white,,,Andrew Bogut
,,black,,,Andrew Harrison
,,black,,,Andrew Nicholson
,,black,,,Andrew White III
,,black,,,Angel Delgado
,,black,,,Anthony Bennett
,,black,,,Anthony Brown
,,black,,,Anthony Edwards
,,black,,,Anthony Gill
,,black,,,Anthony Lamb
,,black,,,Anthony Morrow
,,black,,,Anthony Tolliver
,,black,,,Antonio Blakeney
,,black,,,Archie Goodwin
,,black,,,Aric Holman
,,black,,,Arinze Onuaku
,,black,,,Armoni Brooks
,,white,Lithuania,,Arnoldas Kulboka
,,black,,,Arron Afflalo
,,black,,,Ashton Hagans
,,white,,,Austin Reaves
,,black,,,Axel Toupane
,,black,,,Ayo Dosunmu
,,black,,,Ben Bentil
,,black,,,Ben Moore
,,white,,,Beno Udrih
,,black,,,Billy Garrett
,,black,,,Bobby Brown
,,black,,,Bones Hyland
,,black,,,Bonzie Colson
,,black,,,Boris Diaw
,,black,,,Brandan Wright
,,black,,,Brandon Bass
,,black,,,Brandon Boston
,,black,,,Brandon Jennings
,,black,,,Brandon Paul
,,black,,,Brandon Rush
,,black,,,Brandon Sampson
,,black,,,Brandon Williams
,,black,,,Braxton Key
,,black,,,Brian Roberts
,,black,,,Briante Weber
,,black,,,Brice Johnson
,,black,,,Brodric Thomas
,,black,,,C.J. Watson
,,black,,,C.J. Wilcox
,,black,,,C.J. Williams
,,black,,,Cade Cunningham
,,black,,,Cam Reynolds
,,black,,,Cam Thomas
,,black,,,Cameron McGriff
,,black,,,Cameron Oliver
,,black,,,Cameron Payne
,,black,,,Carlik Jones
,,black,,,Carrick Felix
,,black,,,Cassius Stanley
,,black,,,Cassius Winston
,,black,,,Cat Barber
,,white,,,Chandler Parsons
,,black,,,Channing Frye
,,black,,,Charles Bassey
,,black,,,Charles Cooke
,,black,,,Charlie Brown Jr.
,,black,,,Chaundee Brown Jr.
,,black,,,Chinanu Onuaku
,,white,,,Chris Andersen
,,black,,,Chris Duarte
,,black,,,Chris McCullough
,,black,,,Chris Smith
,,black,,,Chuma Okeke
,,black,,,CJ Elleby
,,black,,,CJ Miles
,,black,,,Cody Demps
,,white,,,Cole Aldrich
,,black,,,Cole Anthony
,,black,,,Corey Brewer
,,white,,,Corey Kispert
,,black,,,Craig Sword
,,black,,,Dahntay Jones
,,white,Latvia,,Dairis Bertans
,,black,,,Daishen Nix
,,black,,,Dakari Johnson
,,white,,,Dakota Mathias
,,black,,,Dalano Banton
,,black,,,Damien Wilkins
,,white,Croatia,,Damjan Rudez
,,black,,,Daniel Hamilton
,,black,,,Daniel Ochefu
,,black,,,Daniel Oturu
,,black,,,Dante Cunningham
,,black,,,Darrell Arthur
,,black,,,Darren Collison
,,black,,,Darrun Hilliard
,,black,,,Daryl Macon
,,white,,,Daulton Hommes
,,black,,,David Duke Jr.
,,black,,,David Johnson
,,white,,,David Lee
,,black,,,David Nwaba
,,white,,,David Stockton
,,black,,,David West
,,black,,,Davion Mitchell
,,black,,,Davon Reed
,,black,,,Day'Ron Sharpe
,,black,,,DeAndre Liggins
,,white,Lithuania,,Deividas Sirvydis
,,black,,,DeJon Jarreau
,,black,,,DeMarcus Cousins
,,black,,,Demetrius Jackson
,,black,,,Deng Adel
,,white,Israel,,Deni Avdija
,,black,,,Deron Williams
,,black,,,Derrick Walton Jr.
,,black,,,Derrick Williams
,,black,,,Desmond Bane
,,black,,,DeVaughn Akoon-Purcell
,,black,,,Devin Cannady
,,black,,,Devin Harris
,,black,,,Devin Robinson
,,black,,,Devin Vassell
,,black,,,Devon Dotson
,,black,,,Devon Hall
,,black,,,Deyonta Davis
,,black,,,Diamond Stone
,,black,,,Didi Louzada
,,white,Germany,,Dirk Nowitzki
,,black,,,DJ Stephens
,,black,,,DJ Stewart
,,white,,,Donatas Motiejunas
,,black,,,Donte Grantham
,,Mixed/Black,Germany,,Duane Washington Jr.
,,white,,,Dusty Hannahs
,,black,,,Dwight Buycks
,,black,,,Dwyane Wade
,,black,,,Edy Tavares
,,black,,,Ekpe Udoh
,,Mixed/Black,,,Elijah Bryant
,,black,,,Elijah Hughes
,,black,,,Elijah Millsap
,,black,,,Emanuel Terry
,,black,,,Emeka Okafor
,,white,Turkish,,Enes Freedom
,,white,,,Eric Mika
,,black,,,Eric Moreland
,,black,,,Erik McCree
,,black,,,Eugene Omoruyi
,,black,,,Evan Mobley
,,white,Argentina,,Facundo Campazzo
,,black,,,Feron Hunt
,,black,,,Frank Mason III
,,white,Germany,,Franz Wagner
,,black,,,Freddie Gillespie
,,Mixed/Black,,,Gabe York
,,white,Argentian,,Gabriel Deck
,,Mixed/Black,Denmark,,Gabriel Lundberg
,,black,,,Gary Neal
,,black,,,George King
,,white,Greek,,Georgios Kalaitzakis
,,white,Greek,,Georgios Papagiannis
,,black,,,Gerald Green
,,black,,,Gerald Henderson
,,black,,,Gian Clavell
,,black,,,Grant Riller
,,black,,,Greg Brown III
,,black,,,Greg Monroe
,,black,,,Greg Whittington
,,white,Venezuela,,Greivis Vasquez
,,black,,,Guerschon Yabusele
,,Mixed/Black,,,Hassani Gravett
,,black,,,Haywood Highsmith
,,white,,,Henry Ellenson
,,black,,,Herbert Jones
,,black,,,Hollis Thompson
,,black,,,Ian Clark
,,black,,,Ike Anigbogu
,,black,,,Iman Shumpert
,,black,,,Immanuel Quickley
,,white,Australia,,Isaac Humphries
,,black,,,Isaac Okoro
,,black,,,Isaiah Briscoe
,,black,,,Isaiah Canaan
,,black,,,Isaiah Hicks
,,black,,,Isaiah Jackson
,,black,,,Isaiah Joe
,,black,,,Isaiah Livers
,,black,,,Isaiah Stewart
,,black,,,Isaiah Taylor
,,black,,,Isaiah Thomas
,,black,,,Isaiah Todd
,,black,,,Isaiah Whitehead
,,black,,,Ish Wainright
,,black,,,Ivan Rabb
,,white,,,J.P. Macura
,,black,,,Jabari Bird
,,white,,,Jack Cooley
,,black,,,Jacob Pullen
,,black,,,Jacob Wiley
,,black,,,Jaden McDaniels
,,black,,,Jaden Springer
,,black,,,Jae'Sean Tate
,,black,,,Jahmi'us Ramsey
,,Hispanic/Black,,,Jaime Echenique
,,black,,,Jalen Green
,,black,,,Jalen Harris
,,black,,,Jalen Johnson
,,black,,,Jalen Jones
,,black,,,Jalen Smith
,,black,,,Jalen Suggs
,,black,,,Jamal Crawford
,,black,,,Jameel Warney
,,black,,,Jameer Nelson
,,black,,,Jamel Artis
,,black,,,James Bouknight
,,black,,,James Jones
,,black,,,James Michael McAdoo
,,black,,,James Nunnally
,,black,,,James Webb III
,,black,,,James Wiseman
,,black,,,James Young
,,black,,,Jamil Wilson
,,black,,,Jamorko Pickett
,,Mixed/Black,,,JaQuori McLaughlin
,,black,,,Jared Butler
,,black,,,Jared Sullinger
,,black,,,Jared Terrell
,,black,,,Jarell Eddie
,,black,,,Jarell Martin
,,black,,,Jarnell Stokes
,,black,,,Jaron Blossomgame
,,black,,,Jarrett Jack
,,white,,,Jarrod Uthoff
,,black,,,Jarron Cumberland
,,black,,,Jason Preston
,,white,,,Jason Smith
,,black,,,Jason Terry
,,black,,,Javin DeLaurier
,,black,,,Javonte Smart
,,black,,,Jawun Evans
,,white,,,Jay Huff
,,black,,,Jay Scrubb
,,black,,,Jaylen Adams
,,black,,,Jaylen Morris
,,black,,,Jaysean Paige
,,black,,,Jeff Dowtin
,,white,,,Jeff Withey
,,black,,,Jemerrio Jones
,,black,,,Jeremiah Robinson-Earl
,,black,,,Jeremy Evans
,,Asian/Mixed,,,Jeremy Lin
,,black,,,Jeremy Pargo
,,black,,,Jerian Grant
,,black,,,Jericho Sims
,,black,,,Jerryd Bayless
,,white,,,Jimmer Fredette
,,white,Australia,,Jock Landale
,,black,,,Jodie Meeks
,,black,,,Joe Johnson
,,white,,,Joe Wieskamp
,,black,,,Joe Young
,,black,,,Joel Anthony
,,black,,,Joel Ayayi
,,black,,,Joel Bolomboy
,,white,France,,Joffrey Lauvergne
,,black,,,John Holland
,,black,,,John Jenkins
,,black,,,John Lucas III
,,black,,,Johnny O'Bryant III
,,white,,,Jon Leuer
,,white,,,Jon Teske
,,black,,,Jonah Bolden
,,white,Sweden,,Jonas Jerebko
,,black,,,Jonathan Gibson
,,black,,,Jonathan Kuminga
,,black,,,Jonathon Simmons
,,black,,,Jordan Bell
,,black,,,Jordan Crawford
,,Mixed/Black,,,Jordan Farmar
,,black,,,Jordan Goodwin
,,black,,,Jordan Hill
,,black,,,Jordan Loyd
,,black,,,Jordan Mickey
,,black,,,Jordan Nwora
,,Mixed/Black,,,Jordan Schakel
,,black,,,Jordan Sibert
,,Hispanic,,,Jose Alvarado
,,white,,,Jose Calderon
,,black,,,Josh Christopher
,,white,,,Josh Giddey
,,black,Australia,,Josh Green
,,black,,,Josh Hall
,,black,,,Josh Huestis
,,white,,,Josh Magette
,,white,,,Josh McRoberts
,,black,,,Josh Smith
,,black,,,Joshua Primo
,,black,,,JR Smith
,,black,,,JT Thor
,,black,,,Julian Washburn
,,black,,,Julyan Stone
,,black,,,Justin Anderson
,,black,,,Justin Champagnie
,,white,,,Justin Hamilton
,,black,,,Justin Harper
,,black,,,Justin Patton
,,black,,,Justin Robinson
,,black,,,Justin Tillman
,,black,,,Kai Jones
,,black,,,Kalin Lucas
,,black,,,Karim Mane
,,black,,,Kay Felder
,,black,,,Keenan Evans
,,black,,,Keifer Sykes
,,black,,,Keljin Blevins
,,black,,,Kendrick Perkins
,,black,,,Kenneth Faried
,,black,,,Kenyon Martin Jr.
,,black,,,Keon Johnson
,,black,,,Kessler Edwards
,,white,,,Kevin Pangos
,,black,,,Kevin Seraphin
,,black,,,Killian Hayes
,,white,,,Killian Tillie
,,black,,,Kira Lewis Jr.
,,black,,,KJ McDaniels
,,white,,,Kosta Koufos
,,white,,,Kris Humphries
,,white,,,Kyle Collinsworth
,,white,,,Kyle Singler
,,white,,,Kyle Wiltjer
,,black,,,Lamar Patterson
,,black,,,Lamar Stevens
,,black,,,LaMelo Ball
,,black,,,Lance Stephenson
,,black,,,Lance Thomas
,,black,,,Larry Drew II
,,black,,,Larry Sanders
,,black,,,Lavoy Allen
,,black,Brazil,,Leandro Barbosa
,,white,Argentina,,Leandro Bolmaro
,,black,,,Levi Randolph
,,black,,,Lindell Wigginton
,,Mixed/Black,,,Lindy Waters III
,,Mixed/Black,,,London Perrantes
,,black,,,Lorenzo Brown
,,black,,,Luc Mbah a Moute
,,white,Argentina,,Luca Vildoza
,,black,,,Lucas Nogueira
,,black,,,Luis Montero
,,white,Argentina,,Luis Scola
,,white,,,Luka Garza
,,white,,,Luke Babbitt
,,black,,,Luol Deng
,,black,,,M.J. Walker
,,white,,,Mac McClung
,,Mixed/Black,,,Malachi Flynn
,,black,,,Malachi Richardson
,,black,,,Malcolm Delaney
,,black,,,Malcolm Hill
,,black,,,Malik Ellison
,,black,,,Malik Fitts
,,black,,,Malik Newman
,,black,,,Mamadi Diakite
,,black,,,Mangok Mathiang
,,black,,,Manny Harris
,,white,Argentino,,Manu Ginobili
,,white,Brazil,,Marcelo Huertas
,,white,Poland,,Marcin Gortat
,,black,,,Marcus Derrickson
,,black,,,Marcus Garrett
,,black,,,Marcus Georges-Hunt
,,Mixed/Black,,,Marcus Paige
,,black,,,Marcus Thornton
,,black,,,Mario Chalmers
,,black,,,Markel Brown
,,white,Montenegro,,Marko Simonovic
,,black,,,Markus Howard
,,black,,,Marques Bolden
,,black,,,Marquis Teague
,,black,,,Marreese Speights
,,white,,,Marshall Plumlee
,,black,,,MarShon Brooks
,,black,,,Mason Jones
,,black,,,Matt Barnes
,,white,,,Matt Costello
,,white,,,Matt Ryan
,,black,,,Matt Williams Jr.
,,black,,,Maurice Ndour
,,black,,,McKinley Wright IV
,,black,,,Melvin Frazier
,,black,,,Metta World Peace
,,white,,,Micah Potter
,,black,,,Michael Beasley
,,black,,,Michael Frazier II
,,black,,,Michael Gbinije
,,white,,,Mike Dunleavy
,,black,,,Mike James
,,white,,,Mike Miller
,,white,,,Mike Tobey
,,black,,,Mike Young
,,black,,,Miles McBride
,,white,,,Miles Plumlee
,,white,Serbia,,Milos Teodosic
,,black,,,Milton Doyle
,,white,Lithuania,,Mindaugas Kuzminskas
,,white,Bosnia,,Mirza Teletovic
,,white,Australia,,Mitchell Creek
,,black,,,Monta Ellis
,,black,,,Moses Moody
,,black,,,Moses Wright
,,black,,,Myke Henry
,,black,,,Myles Powell
,,black,,,Naji Marshall
,,white,,,Nate Darling
,,black,,,Nate Hinton
,,white,,,Nate Wolters
,,black,,,Nathan Knight
,,black,,,Neemias Queta
,,black,,,Nene
,,black,,,Nic Claxton
,,white,,,Nick Collison
,,black,,,Nick Richards
,,black,,,Nick Young
,,white,Italy,,Nico Mannion
,,white,Argentina,,Nicolas Brussino
,,white,Argentina,,Nicolas Laprovittola
,,black,,,Nigel Hayes
,,white,,,Nik Stauskas
,,white,Spain,,Nikola Mirotic
,,black,,,Norris Cole
,,black,,,Obi Toppin
,,black,,,Okaro White
,,black,,,Olivier Sarr
,,black,,,Omari Johnson
,,white,Turkey,,Omer Asik
,,white,Turkey,,Omer Yurtseven
,,white,Israel,,Omri Casspi
,,black,,,Onyeka Okongwu
,,black,,,P.J. Dozier
,,black,,,Paris Bass
,,white,Argentina,,Patricio Garino
,,black,,,Patrick Williams
,,white,Spain,,Pau Gasol
,,black,,,Paul Pierce
,,black,,,Paul Reed
,,white,Germany,,Paul Zipser
,,white,,,Payton Pritchard
,,black,France,,Petr Cornelie
,,black,,,Pierre Jackson
,,black,,,Precious Achiuwa
,,black,,,Quentin Grimes
,,black,,,Quincy Acy
,,black,,,Quincy Pondexter
,,black,,,R.J. Hampton
,,black,,,Rakeem Christmas
,,black,,,Ramon Sessions
,,black,,,Randy Foye
,,black,,,Rashad Vaughn
,,black,,,Rawle Alkins
,,black,,,Ray McCallum
,,black,,,Raymond Felton
,,black,,,Reggie Hearn
,,black,,,Reggie Perry
,,black,,,Reggie Williams
,,black,,,Richard Jefferson
,,black,,,Richard Solomon
,,Mixed/Black,,,RJ Hunter
,,black,,,RJ Nembhard Jr.
,,black,,,Rob Edwards
,,black,,,Robert Franks
,,black,,,Robert Woodard II
,,black,,,Rodney Purvis
,,black,,,Rodney Stuckey
,,white,,,Ron Baker
,,black,,,Ronnie Price
,,black,,,Roy Hibbert
,,white,,,Ryan Anderson
,,white,Australia,,Ryan Broekhoff
,,white,,,Ryan Kelly
,,black,,,Saben Lee
,,black,,,Saddiq Bey
,,Arab,Tunisia,,Salah Mejri
,,white,,,Sam Dekker
,,white,,,Sam Hauser
,,white,,,Sam Merrill
,,white,,,Sandro Mamukelashvili
,,white,,,Santi Aldama
,,white,Servia,,Sasha Vujacic
,,black,,,Scott Machado
,,black,,,Scottie Barnes
,,black,,,Scottie Lewis
,,black,,,Scotty Hopson
,,black,,,Sean Kilpatrick
,,white,,,Sean McDermott
,,black,,,Semaj Christon
,,white,Spain,,Sergio Rodriguez
,,black,,,Shabazz Muhammad
,,black,,,Shamorie Ponds
,,black,,,Shane Larkin
,,black,,,Shaq Buchanan
,,black,,,Sharife Cooper
,,black,,,Shaun Livingston
,,black,,,Shawn Long
,,black,,,Shelvin Mack
,,black,,,Sindarius Thornwell
,,black,,,Skylar Mays
,,white,,,Spencer Hawes
,,black,,,Stanton Kidd
,,white,,,Stephen Zimmerman
,,white,,,Steve Novak
,,white,,,T.J. Leaf
,,black,,,Tahjere McCall
,,black,,,Tarik Black
,,black,,,Terrence Jones
,,black,,,Terry Taylor
,,black,,,Theo Maledon
,,black,,,Thomas Robinson
,,white,,,Thomas Welsh
,,white,Argentina,,Tiago Splitter
,,black,,,Tim Frazier
,,black,,,Tim Quarterman
,,white,,,Timofey Mozgov
,,black,,,Toney Douglas
,,black,,,Tony Allen
,,black,France,,Tony Parker
,,white,,,Travis Wear
,,black,,,Trayvon Palmer
,,black,,,Tre Jones
,,black,,,Tre Mann
,,black,,,Trendon Watford
,,black,,,Trent Forrest
,,black,,,Trevelin Queen
,,black,,,Trevon Bluiett
,,black,,,Trevon Duval
,,black,,,Trevon Scott
,,black,,,Trevor Booker
,,black,,,Trey Burke
,,Mixed/Black,,,Trey McKinney-Jones
,,black,,,Trey Murphy III
,,black,,,Troy Caupain
,,black,,,Troy Williams
,,black,,,Ty Lawson
,,black,,,Ty-Shon Alexander
,,black,,,Tyler Bey
,,white,,,Tyler Cavanaugh
,,black,,,Tyler Cook
,,black,,,Tyler Davis
,,black,,,Tyler Dorsey
,,black,,,Tyler Ennis
,,black,,,Tyler Hall
,,Mixed/Black,,,Tyler Johnson
,,white,,,Tyler Lydon
,,black,,,Tyler Ulis
,,white,,,Tyler Zeller
,,black,,,Tyreke Evans
,,black,,,Tyrell Terry
,,black,,,Tyrese Haliburton
,,black,,,Tyrese Maxey
,,black,,,Tyrone Wallace
,,black,,,Udoka Azubuike
,,black,Spain,,Usman Garuba
,,black,,,Vander Blue
,,black,,,Vernon Carey Jr.
,,black,,,Vince Edwards
,,black,,,Vincent Hunter
,,white,Chechz,,Vit Krejci
,,black,,,Wade Baldwin IV
,,black,,,Walt Lemon Jr.
,,black,,,Wayne Selden
,,black,,,Wesley Johnson
,,white,,,Will Magnay
,,black,,,Willie Reed
,,black,,,Xavier Moon
,,black,,,Xavier Munford
,,black,,,Xavier Rathan-Mayes
,,black,,,Xavier Silas
,,black,,,Xavier Sneed
,,black,,,Xavier Tillman Sr.
,,black,,,Yakuba Ouattara
,,black,,,Yante Maten
,,black,,,Yves Pons
,,black,,,Zach Lofton
,,black,,,Zach Norvell Jr.
,,black,,,Zach Randolph
,,black,,,Zavier Simpson
,,white,,,Zaza Pachulia
,,black,,,Zeke Nnaji
,,Asian,,,Zhou Qi
,,black,,,Ziaire Williams
